Kapitel,Name,Sentiment
kapitel_01,Caesar,-0.5
kapitel_01,Caesar,0.5
kapitel_01,Caesar,-0.5
kapitel_01,Caesar,-1.0
kapitel_01,Sertorius,0.0
kapitel_01,Sertorius,0.5
kapitel_01,Sertorius,1.0
kapitel_01,Sertorius,0.0
kapitel_01,Sertorius,0.5
kapitel_01,Sertorius,-1.0
kapitel_01,Sertorius,-0.5
kapitel_01,Sertorius,0.5
kapitel_01,Sertorius,0.5
kapitel_01,Sertorius,0.5
kapitel_01,Sertorius,0.5
kapitel_01,Sertorius,-0.5
kapitel_01,Sertorius,1.0
kapitel_01,Sertorius,0.5
kapitel_01,Sertorius,0.0
kapitel_01,Sertorius,-1.0
kapitel_01,Sertorius,-0.5
kapitel_01,Sertorius,0.5
kapitel_01,Sertorius,-0.5
kapitel_01,Sertorius,0.0
kapitel_01,Sertorius,-1.0
kapitel_01,Sertorius,0.5
kapitel_01,Sertorius,0.5
kapitel_01,Sertorius,0.5
kapitel_01,Sertorius,0.0
kapitel_01,Sertorius,0.0
kapitel_01,Sertorius,0.5
kapitel_01,Sertorius,0.5
kapitel_01,Sertorius,0.5
kapitel_01,Sertorius,0.0
kapitel_01,Sertorius,-0.5
kapitel_01,Sertorius,-0.5
kapitel_01,Sertorius,0.0
kapitel_01,Sertorius,0.0
kapitel_01,Sertorius,-0.5
kapitel_01,Sertorius,0.5
kapitel_01,Sertorius,0.0
kapitel_01,Sertorius,-0.5
kapitel_01,Sertorius,0.0
kapitel_01,Sertorius,0.5
kapitel_01,Sertorius,0.5
kapitel_01,Sertorius,-0.5
kapitel_01,Sertorius,-0.5
kapitel_01,Sertorius,-0.5
kapitel_01,Sertorius,0.0
kapitel_01,Sertorius,0.0
kapitel_01,Sertorius,0.0
kapitel_01,Sertorius,1.0
kapitel_01,Sertorius,0.5
kapitel_01,Sertorius,-0.5
kapitel_01,Sertorius,0.5
kapitel_01,Sertorius,-1.0
kapitel_01,Sertorius,-1.0
kapitel_01,Pompeius,-1.0
kapitel_01,Pompeius,-0.5
kapitel_01,Pompeius,0.0
kapitel_01,Pompeius,0.0
kapitel_01,Pompeius,0.5
kapitel_01,Pompeius,1.0
kapitel_01,Pompeius,0.5
kapitel_01,Pompeius,0.5
kapitel_01,Pompeius,-0.5
kapitel_01,Pompeius,-0.5
kapitel_01,Pompeius,-1.0
kapitel_01,Pompeius,-0.5
kapitel_01,Pompeius,0.5
kapitel_01,Pompeius,0.5
kapitel_01,Pompeius,-1.0
kapitel_01,Pompeius,-0.5
kapitel_01,Pompeius,-0.5
kapitel_01,Pompeius,-0.5
kapitel_01,Pompeius,-0.5
kapitel_01,Pompeius,-0.5
kapitel_01,Pompeius,-0.5
kapitel_01,Pompeius,-0.5
kapitel_01,Pompeius,-0.5
kapitel_01,Pompeius,0.5
kapitel_01,Pompeius,0.5
kapitel_01,Pompeius,0.5
kapitel_01,Pompeius,0.0
kapitel_01,Pompeius,0.0
kapitel_01,Pompeius,0.5
kapitel_01,Pompeius,0.5
kapitel_01,Pompeius,0.5
kapitel_01,Pompeius,0.5
kapitel_01,Pompeius,0.0
kapitel_01,Pompeius,0.0
kapitel_01,Pompeius,-0.5
kapitel_01,Pompeius,-0.5
kapitel_01,Pompeius,0.0
kapitel_01,Pompeius,-0.5
kapitel_01,Pompeius,-0.5
kapitel_01,Pompeius,-0.5
kapitel_01,Pompeius,0.5
kapitel_01,Pompeius,0.0
kapitel_01,Pompeius,0.0
kapitel_01,Pompeius,0.5
kapitel_01,Pompeius,0.5
kapitel_01,Pompeius,-1.0
kapitel_01,Pompeius,-1.0
kapitel_01,Pompeius,-1.0
kapitel_01,Pompeius,0.5
kapitel_01,Crassus,0.5
kapitel_01,Crassus,-0.5
kapitel_01,Crassus,-1.0
kapitel_01,Crassus,-1.0
kapitel_01,Crassus,-0.5
kapitel_01,Crassus,-1.0
kapitel_01,Crassus,-0.5
kapitel_01,Cato,-1.0
kapitel_01,Cicero,-0.5
kapitel_02,Caesar,-1.0
kapitel_02,Sertorius,-0.5
kapitel_02,Sertorius,0.0
kapitel_02,Sertorius,-0.5
kapitel_02,Sertorius,0.5
kapitel_02,Sertorius,0.5
kapitel_02,Sertorius,0.0
kapitel_02,Sertorius,0.5
kapitel_02,Sertorius,-1.0
kapitel_02,Pompeius,0.5
kapitel_02,Pompeius,0.0
kapitel_02,Pompeius,-1.0
kapitel_02,Pompeius,0.5
kapitel_02,Crassus,0.0
kapitel_02,Crassus,0.0
kapitel_02,Crassus,-1.0
kapitel_02,Crassus,0.0
kapitel_03,Caesar,-1.0
kapitel_03,Caesar,0.0
kapitel_03,Caesar,-1.0
kapitel_03,Caesar,0.5
kapitel_03,Caesar,-1.0
kapitel_03,Sertorius,-1.0
kapitel_03,Sertorius,-1.0
kapitel_03,Pompeius,-0.5
kapitel_03,Pompeius,-0.5
kapitel_03,Pompeius,-0.5
kapitel_03,Pompeius,-1.0
kapitel_03,Pompeius,-0.5
kapitel_03,Pompeius,-0.5
kapitel_03,Pompeius,0.0
kapitel_03,Pompeius,0.0
kapitel_03,Pompeius,0.0
kapitel_03,Pompeius,0.0
kapitel_03,Pompeius,0.5
kapitel_03,Pompeius,0.0
kapitel_03,Pompeius,0.5
kapitel_03,Pompeius,0.5
kapitel_03,Pompeius,-1.0
kapitel_03,Pompeius,-1.0
kapitel_03,Pompeius,-0.5
kapitel_03,Pompeius,-0.5
kapitel_03,Pompeius,-0.5
kapitel_03,Pompeius,0.0
kapitel_03,Pompeius,0.5
kapitel_03,Pompeius,-1.0
kapitel_03,Pompeius,-1.0
kapitel_03,Pompeius,-1.0
kapitel_03,Pompeius,-0.5
kapitel_03,Pompeius,0.0
kapitel_03,Pompeius,-0.5
kapitel_03,Pompeius,-0.5
kapitel_03,Pompeius,-0.5
kapitel_03,Pompeius,0.0
kapitel_03,Pompeius,0.0
kapitel_03,Pompeius,-1.0
kapitel_03,Pompeius,-0.5
kapitel_03,Pompeius,-0.5
kapitel_03,Pompeius,-0.5
kapitel_03,Pompeius,-0.5
kapitel_03,Pompeius,0.0
kapitel_03,Pompeius,-0.5
kapitel_03,Pompeius,-0.5
kapitel_03,Pompeius,-0.5
kapitel_03,Pompeius,-1.0
kapitel_03,Pompeius,1.0
kapitel_03,Pompeius,-0.5
kapitel_03,Pompeius,-0.5
kapitel_03,Pompeius,-0.5
kapitel_03,Pompeius,-1.0
kapitel_03,Pompeius,0.0
kapitel_03,Pompeius,-0.5
kapitel_03,Pompeius,0.5
kapitel_03,Crassus,0.0
kapitel_03,Crassus,-0.5
kapitel_03,Crassus,0.5
kapitel_03,Crassus,0.0
kapitel_03,Crassus,0.5
kapitel_03,Crassus,-0.5
kapitel_03,Crassus,-1.0
kapitel_03,Crassus,-0.5
kapitel_03,Crassus,0.0
kapitel_03,Crassus,-0.5
kapitel_03,Crassus,-0.5
kapitel_03,Crassus,0.5
kapitel_03,Crassus,-1.0
kapitel_03,Crassus,-1.0
kapitel_03,Crassus,-1.0
kapitel_03,Crassus,-0.5
kapitel_03,Crassus,-1.0
kapitel_03,Crassus,-0.5
kapitel_03,Crassus,-0.5
kapitel_03,Cicero,-0.5
kapitel_03,Cicero,-1.0
kapitel_04,Pompeius,0.5
kapitel_04,Pompeius,0.5
kapitel_04,Pompeius,-0.5
kapitel_04,Pompeius,0.5
kapitel_04,Pompeius,0.5
kapitel_04,Pompeius,0.5
kapitel_04,Pompeius,-0.5
kapitel_04,Pompeius,0.0
kapitel_04,Pompeius,0.0
kapitel_04,Pompeius,-0.5
kapitel_04,Pompeius,-0.5
kapitel_04,Pompeius,-1.0
kapitel_04,Pompeius,-1.0
kapitel_04,Pompeius,0.0
kapitel_04,Pompeius,-1.0
kapitel_04,Pompeius,-0.5
kapitel_04,Pompeius,-1.0
kapitel_04,Pompeius,0.0
kapitel_04,Pompeius,0.5
kapitel_04,Pompeius,-0.5
kapitel_04,Pompeius,1.0
kapitel_04,Pompeius,-0.5
kapitel_04,Pompeius,0.5
kapitel_04,Pompeius,-0.5
kapitel_04,Pompeius,0.5
kapitel_04,Pompeius,0.5
kapitel_04,Pompeius,-0.5
kapitel_04,Pompeius,0.0
kapitel_04,Pompeius,-1.0
kapitel_04,Pompeius,0.5
kapitel_04,Pompeius,-0.5
kapitel_04,Pompeius,0.0
kapitel_04,Pompeius,-1.0
kapitel_04,Pompeius,0.5
kapitel_04,Pompeius,0.5
kapitel_04,Pompeius,-0.5
kapitel_04,Pompeius,0.5
kapitel_04,Pompeius,0.5
kapitel_04,Pompeius,-0.5
kapitel_04,Pompeius,0.0
kapitel_04,Pompeius,-0.5
kapitel_04,Pompeius,0.5
kapitel_04,Pompeius,0.5
kapitel_04,Pompeius,-1.0
kapitel_04,Pompeius,0.0
kapitel_04,Pompeius,0.5
kapitel_04,Pompeius,1.0
kapitel_04,Pompeius,-0.5
kapitel_04,Pompeius,0.0
kapitel_04,Pompeius,0.0
kapitel_04,Pompeius,0.0
kapitel_04,Pompeius,0.5
kapitel_04,Pompeius,0.5
kapitel_04,Pompeius,0.5
kapitel_04,Pompeius,0.0
kapitel_04,Pompeius,-0.5
kapitel_04,Pompeius,0.5
kapitel_04,Pompeius,-1.0
kapitel_04,Pompeius,0.0
kapitel_04,Pompeius,0.5
kapitel_04,Pompeius,-0.5
kapitel_04,Pompeius,0.0
kapitel_04,Pompeius,0.5
kapitel_04,Pompeius,0.0
kapitel_04,Pompeius,0.0
kapitel_04,Pompeius,0.0
kapitel_04,Pompeius,0.0
kapitel_04,Pompeius,0.0
kapitel_04,Pompeius,0.5
kapitel_04,Pompeius,0.0
kapitel_04,Pompeius,0.0
kapitel_04,Pompeius,-0.5
kapitel_04,Pompeius,-0.5
kapitel_04,Pompeius,0.5
kapitel_04,Pompeius,0.5
kapitel_04,Pompeius,-0.5
kapitel_04,Pompeius,0.0
kapitel_04,Pompeius,-0.5
kapitel_04,Pompeius,0.5
kapitel_04,Pompeius,0.5
kapitel_04,Pompeius,1.0
kapitel_04,Pompeius,0.5
kapitel_04,Pompeius,-0.5
kapitel_04,Pompeius,0.5
kapitel_04,Pompeius,-0.5
kapitel_04,Pompeius,0.5
kapitel_04,Pompeius,-0.5
kapitel_04,Pompeius,1.0
kapitel_04,Pompeius,-0.5
kapitel_04,Pompeius,-0.5
kapitel_04,Pompeius,-1.0
kapitel_04,Pompeius,0.5
kapitel_04,Pompeius,0.0
kapitel_04,Pompeius,-1.0
kapitel_04,Pompeius,-0.5
kapitel_04,Pompeius,0.5
kapitel_04,Pompeius,-1.0
kapitel_04,Pompeius,0.0
kapitel_04,Pompeius,0.5
kapitel_04,Pompeius,0.5
kapitel_04,Pompeius,-0.5
kapitel_04,Cato,-1.0
kapitel_05,Caesar,-0.5
kapitel_05,Caesar,-0.5
kapitel_05,Caesar,0.5
kapitel_05,Caesar,-1.0
kapitel_05,Caesar,0.5
kapitel_05,Caesar,-1.0
kapitel_05,Caesar,0.0
kapitel_05,Caesar,0.0
kapitel_05,Caesar,0.5
kapitel_05,Caesar,-0.5
kapitel_05,Caesar,0.0
kapitel_05,Caesar,0.0
kapitel_05,Caesar,-1.0
kapitel_05,Caesar,-0.5
kapitel_05,Caesar,0.0
kapitel_05,Caesar,0.5
kapitel_05,Caesar,-0.5
kapitel_05,Caesar,-1.0
kapitel_05,Caesar,-0.5
kapitel_05,Caesar,0.0
kapitel_05,Caesar,-0.5
kapitel_05,Caesar,0.0
kapitel_05,Caesar,-1.0
kapitel_05,Caesar,-1.0
kapitel_05,Caesar,-1.0
kapitel_05,Caesar,-1.0
kapitel_05,Caesar,0.5
kapitel_05,Caesar,0.5
kapitel_05,Pompeius,-0.5
kapitel_05,Pompeius,0.5
kapitel_05,Pompeius,0.5
kapitel_05,Pompeius,0.0
kapitel_05,Pompeius,-1.0
kapitel_05,Pompeius,-0.5
kapitel_05,Pompeius,-0.5
kapitel_05,Pompeius,0.5
kapitel_05,Pompeius,-1.0
kapitel_05,Pompeius,-1.0
kapitel_05,Pompeius,0.0
kapitel_05,Pompeius,-0.5
kapitel_05,Pompeius,0.5
kapitel_05,Pompeius,-1.0
kapitel_05,Pompeius,0.0
kapitel_05,Pompeius,-0.5
kapitel_05,Pompeius,-0.5
kapitel_05,Pompeius,0.0
kapitel_05,Pompeius,-1.0
kapitel_05,Pompeius,1.0
kapitel_05,Pompeius,-1.0
kapitel_05,Pompeius,0.5
kapitel_05,Pompeius,-1.0
kapitel_05,Pompeius,-1.0
kapitel_05,Pompeius,0.5
kapitel_05,Pompeius,1.0
kapitel_05,Pompeius,0.5
kapitel_05,Pompeius,-0.5
kapitel_05,Pompeius,-0.5
kapitel_05,Pompeius,-1.0
kapitel_05,Crassus,-0.5
kapitel_05,Crassus,0.5
kapitel_05,Crassus,0.5
kapitel_05,Crassus,0.0
kapitel_05,Crassus,0.5
kapitel_05,Crassus,-0.5
kapitel_05,Crassus,0.0
kapitel_05,Crassus,0.0
kapitel_05,Crassus,0.0
kapitel_05,Crassus,0.5
kapitel_05,Crassus,0.0
kapitel_05,Crassus,-1.0
kapitel_05,Crassus,-0.5
kapitel_05,Crassus,0.5
kapitel_05,Crassus,0.0
kapitel_05,Crassus,-0.5
kapitel_05,Crassus,-1.0
kapitel_05,Crassus,0.0
kapitel_05,Crassus,0.5
kapitel_05,Crassus,0.5
kapitel_05,Crassus,0.5
kapitel_05,Cato,1.0
kapitel_05,Cato,0.5
kapitel_05,Cato,-1.0
kapitel_05,Cato,-1.0
kapitel_05,Cato,1.0
kapitel_05,Cato,-0.5
kapitel_05,Cicero,-0.5
kapitel_05,Cicero,-1.0
kapitel_05,Cicero,-1.0
kapitel_05,Cicero,-1.0
kapitel_05,Cicero,-1.0
kapitel_05,Cicero,-1.0
kapitel_05,Cicero,-1.0
kapitel_05,Cicero,-1.0
kapitel_05,Cicero,-1.0
kapitel_05,Cicero,-1.0
kapitel_05,Cicero,-1.0
kapitel_05,Cicero,-1.0
kapitel_05,Cicero,-1.0
kapitel_05,Cicero,-1.0
kapitel_05,Cicero,0.0
kapitel_05,Cicero,0.5
kapitel_06,Caesar,0.0
kapitel_06,Caesar,0.0
kapitel_06,Caesar,0.0
kapitel_06,Caesar,0.5
kapitel_06,Caesar,0.5
kapitel_06,Caesar,0.5
kapitel_06,Caesar,0.0
kapitel_06,Caesar,0.5
kapitel_06,Caesar,0.0
kapitel_06,Caesar,0.0
kapitel_06,Caesar,-0.5
kapitel_06,Caesar,0.0
kapitel_06,Caesar,0.0
kapitel_06,Caesar,-0.5
kapitel_06,Caesar,0.5
kapitel_06,Caesar,-0.5
kapitel_06,Caesar,0.5
kapitel_06,Caesar,0.0
kapitel_06,Caesar,0.0
kapitel_06,Caesar,0.0
kapitel_06,Caesar,-1.0
kapitel_06,Caesar,-1.0
kapitel_06,Caesar,-1.0
kapitel_06,Caesar,-1.0
kapitel_06,Caesar,-0.5
kapitel_06,Caesar,-1.0
kapitel_06,Caesar,0.5
kapitel_06,Caesar,0.5
kapitel_06,Caesar,0.5
kapitel_06,Caesar,-1.0
kapitel_06,Caesar,-0.5
kapitel_06,Caesar,0.5
kapitel_06,Caesar,-0.5
kapitel_06,Caesar,0.0
kapitel_06,Caesar,0.5
kapitel_06,Caesar,0.5
kapitel_06,Caesar,0.0
kapitel_06,Caesar,0.0
kapitel_06,Caesar,0.0
kapitel_06,Caesar,0.5
kapitel_06,Caesar,0.5
kapitel_06,Caesar,0.0
kapitel_06,Caesar,-1.0
kapitel_06,Caesar,0.5
kapitel_06,Caesar,0.5
kapitel_06,Caesar,-1.0
kapitel_06,Caesar,-0.5
kapitel_06,Caesar,-0.5
kapitel_06,Caesar,-1.0
kapitel_06,Caesar,-0.5
kapitel_06,Caesar,-0.5
kapitel_06,Caesar,-1.0
kapitel_06,Pompeius,-1.0
kapitel_06,Pompeius,0.5
kapitel_06,Pompeius,-0.5
kapitel_06,Pompeius,0.0
kapitel_06,Pompeius,0.0
kapitel_06,Pompeius,0.0
kapitel_06,Pompeius,-1.0
kapitel_06,Pompeius,-1.0
kapitel_06,Pompeius,-0.5
kapitel_06,Pompeius,0.5
kapitel_06,Pompeius,0.5
kapitel_06,Pompeius,0.5
kapitel_06,Pompeius,0.5
kapitel_06,Pompeius,0.0
kapitel_06,Pompeius,-0.5
kapitel_06,Pompeius,-0.5
kapitel_06,Pompeius,-0.5
kapitel_06,Pompeius,1.0
kapitel_06,Pompeius,1.0
kapitel_06,Pompeius,0.5
kapitel_06,Pompeius,1.0
kapitel_06,Pompeius,-0.5
kapitel_06,Pompeius,0.5
kapitel_06,Pompeius,-0.5
kapitel_06,Pompeius,-1.0
kapitel_06,Pompeius,0.5
kapitel_06,Pompeius,0.5
kapitel_06,Pompeius,0.0
kapitel_06,Pompeius,-0.5
kapitel_06,Pompeius,-0.5
kapitel_06,Pompeius,0.0
kapitel_06,Pompeius,0.5
kapitel_06,Pompeius,0.5
kapitel_06,Pompeius,-0.5
kapitel_06,Pompeius,-1.0
kapitel_06,Pompeius,0.5
kapitel_06,Pompeius,-0.5
kapitel_06,Pompeius,-1.0
kapitel_06,Pompeius,0.0
kapitel_06,Pompeius,0.5
kapitel_06,Pompeius,-0.5
kapitel_06,Pompeius,0.0
kapitel_06,Pompeius,-0.5
kapitel_06,Pompeius,-0.5
kapitel_06,Pompeius,-0.5
kapitel_06,Pompeius,-0.5
kapitel_06,Pompeius,0.0
kapitel_06,Pompeius,-1.0
kapitel_06,Pompeius,0.0
kapitel_06,Pompeius,0.5
kapitel_06,Pompeius,0.5
kapitel_06,Pompeius,-1.0
kapitel_06,Pompeius,-1.0
kapitel_06,Pompeius,-0.5
kapitel_06,Pompeius,-0.5
kapitel_06,Pompeius,-1.0
kapitel_06,Pompeius,0.5
kapitel_06,Pompeius,0.0
kapitel_06,Pompeius,0.0
kapitel_06,Pompeius,0.5
kapitel_06,Pompeius,0.5
kapitel_06,Pompeius,-1.0
kapitel_06,Pompeius,0.5
kapitel_06,Pompeius,-0.5
kapitel_06,Pompeius,-1.0
kapitel_06,Crassus,0.0
kapitel_06,Crassus,-1.0
kapitel_06,Crassus,0.5
kapitel_06,Crassus,0.5
kapitel_06,Crassus,-0.5
kapitel_06,Crassus,0.0
kapitel_06,Crassus,-0.5
kapitel_06,Crassus,-1.0
kapitel_06,Crassus,0.0
kapitel_06,Cato,0.0
kapitel_06,Cato,0.0
kapitel_06,Cato,1.0
kapitel_06,Cato,-1.0
kapitel_06,Cato,0.5
kapitel_06,Cato,0.5
kapitel_06,Cato,0.5
kapitel_06,Cato,0.5
kapitel_06,Cato,-0.5
kapitel_06,Cato,-1.0
kapitel_06,Cato,-1.0
kapitel_06,Cato,0.5
kapitel_06,Cato,-1.0
kapitel_06,Cato,0.5
kapitel_06,Cato,0.5
kapitel_06,Cato,-0.5
kapitel_06,Cato,-0.5
kapitel_06,Cato,-1.0
kapitel_06,Cato,0.5
kapitel_06,Cato,-1.0
kapitel_06,Cato,-0.5
kapitel_06,Cato,-1.0
kapitel_06,Cicero,-0.5
kapitel_06,Cicero,-0.5
kapitel_06,Cicero,0.0
kapitel_06,Cicero,-1.0
kapitel_06,Cicero,-0.5
kapitel_06,Cicero,-1.0
kapitel_06,Cicero,0.5
kapitel_06,Cicero,-1.0
kapitel_06,Cicero,-1.0
kapitel_07,Caesar,-0.5
kapitel_07,Caesar,-0.5
kapitel_07,Caesar,0.5
kapitel_07,Caesar,-1.0
kapitel_07,Caesar,0.0
kapitel_07,Caesar,1.0
kapitel_07,Caesar,-0.5
kapitel_07,Caesar,0.5
kapitel_07,Caesar,0.0
kapitel_07,Caesar,0.0
kapitel_07,Caesar,0.0
kapitel_07,Caesar,0.0
kapitel_07,Caesar,-0.5
kapitel_07,Caesar,-0.5
kapitel_07,Caesar,0.0
kapitel_07,Caesar,0.5
kapitel_07,Caesar,0.5
kapitel_07,Caesar,0.0
kapitel_07,Caesar,-0.5
kapitel_07,Caesar,-0.5
kapitel_07,Caesar,0.5
kapitel_07,Caesar,0.5
kapitel_07,Caesar,0.0
kapitel_07,Caesar,0.0
kapitel_07,Caesar,0.5
kapitel_07,Caesar,0.5
kapitel_07,Caesar,0.0
kapitel_07,Caesar,0.0
kapitel_07,Caesar,-0.5
kapitel_07,Caesar,-0.5
kapitel_07,Caesar,-0.5
kapitel_07,Caesar,0.5
kapitel_07,Caesar,0.5
kapitel_07,Caesar,0.5
kapitel_07,Caesar,-0.5
kapitel_07,Caesar,0.5
kapitel_07,Caesar,0.0
kapitel_07,Caesar,-0.5
kapitel_07,Caesar,0.5
kapitel_07,Caesar,0.5
kapitel_07,Caesar,-0.5
kapitel_07,Caesar,-1.0
kapitel_07,Caesar,0.0
kapitel_07,Caesar,0.5
kapitel_07,Caesar,-0.5
kapitel_07,Caesar,0.5
kapitel_07,Caesar,0.5
kapitel_07,Caesar,0.0
kapitel_07,Caesar,0.5
kapitel_07,Caesar,-1.0
kapitel_07,Caesar,0.5
kapitel_07,Caesar,-1.0
kapitel_07,Caesar,1.0
kapitel_07,Caesar,-0.5
kapitel_07,Caesar,0.5
kapitel_07,Caesar,0.5
kapitel_07,Caesar,-0.5
kapitel_07,Caesar,-0.5
kapitel_07,Caesar,0.5
kapitel_07,Caesar,0.5
kapitel_07,Caesar,-0.5
kapitel_07,Caesar,-0.5
kapitel_07,Caesar,0.5
kapitel_07,Caesar,0.5
kapitel_07,Caesar,0.0
kapitel_07,Caesar,-1.0
kapitel_07,Caesar,0.0
kapitel_07,Caesar,0.5
kapitel_07,Caesar,0.5
kapitel_07,Caesar,-0.5
kapitel_07,Caesar,0.0
kapitel_07,Caesar,0.5
kapitel_07,Caesar,-0.5
kapitel_07,Caesar,-0.5
kapitel_07,Caesar,-0.5
kapitel_07,Caesar,-1.0
kapitel_07,Caesar,-1.0
kapitel_07,Caesar,-0.5
kapitel_07,Caesar,-1.0
kapitel_07,Caesar,0.0
kapitel_07,Caesar,0.0
kapitel_07,Caesar,-0.5
kapitel_07,Caesar,-0.5
kapitel_07,Caesar,-0.5
kapitel_07,Caesar,-1.0
kapitel_07,Caesar,-1.0
kapitel_07,Caesar,1.0
kapitel_07,Caesar,0.5
kapitel_07,Caesar,0.5
kapitel_07,Caesar,-0.5
kapitel_07,Caesar,0.5
kapitel_07,Caesar,-1.0
kapitel_07,Caesar,-0.5
kapitel_07,Caesar,0.5
kapitel_07,Caesar,0.5
kapitel_07,Caesar,-1.0
kapitel_07,Caesar,0.0
kapitel_07,Caesar,-0.5
kapitel_07,Caesar,0.0
kapitel_07,Caesar,0.0
kapitel_07,Caesar,0.5
kapitel_07,Caesar,0.0
kapitel_07,Caesar,0.5
kapitel_07,Caesar,0.5
kapitel_07,Caesar,0.5
kapitel_07,Caesar,0.5
kapitel_07,Caesar,-0.5
kapitel_07,Caesar,-0.5
kapitel_07,Caesar,0.0
kapitel_07,Caesar,-0.5
kapitel_07,Caesar,-0.5
kapitel_07,Caesar,0.5
kapitel_07,Caesar,0.5
kapitel_07,Caesar,-0.5
kapitel_07,Caesar,0.0
kapitel_07,Caesar,0.5
kapitel_07,Caesar,-1.0
kapitel_07,Caesar,0.0
kapitel_07,Caesar,0.0
kapitel_07,Caesar,0.0
kapitel_07,Caesar,-0.5
kapitel_07,Caesar,-1.0
kapitel_07,Caesar,-0.5
kapitel_07,Caesar,-0.5
kapitel_07,Caesar,-0.5
kapitel_07,Caesar,-0.5
kapitel_07,Caesar,-1.0
kapitel_07,Caesar,-0.5
kapitel_07,Caesar,-1.0
kapitel_07,Caesar,-0.5
kapitel_07,Caesar,0.5
kapitel_07,Caesar,0.5
kapitel_07,Caesar,0.5
kapitel_07,Caesar,1.0
kapitel_07,Caesar,0.5
kapitel_07,Caesar,-0.5
kapitel_07,Caesar,0.0
kapitel_07,Caesar,0.5
kapitel_07,Caesar,0.5
kapitel_07,Caesar,0.5
kapitel_07,Caesar,0.0
kapitel_07,Caesar,-0.5
kapitel_07,Caesar,-0.5
kapitel_07,Caesar,0.5
kapitel_07,Caesar,0.5
kapitel_07,Caesar,0.0
kapitel_07,Caesar,-0.5
kapitel_07,Caesar,-0.5
kapitel_07,Caesar,-0.5
kapitel_07,Caesar,-0.5
kapitel_07,Caesar,0.5
kapitel_07,Caesar,0.5
kapitel_07,Caesar,0.5
kapitel_07,Caesar,-0.5
kapitel_07,Caesar,0.5
kapitel_07,Caesar,0.0
kapitel_07,Caesar,-1.0
kapitel_07,Caesar,-1.0
kapitel_07,Caesar,-0.5
kapitel_07,Caesar,-1.0
kapitel_07,Caesar,0.5
kapitel_07,Caesar,0.5
kapitel_07,Caesar,0.5
kapitel_07,Caesar,0.0
kapitel_07,Caesar,-1.0
kapitel_07,Caesar,0.5
kapitel_07,Caesar,1.0
kapitel_07,Caesar,-1.0
kapitel_07,Caesar,0.5
kapitel_07,Caesar,0.0
kapitel_07,Caesar,0.5
kapitel_07,Caesar,0.5
kapitel_07,Sertorius,0.5
kapitel_07,Pompeius,0.0
kapitel_07,Pompeius,-1.0
kapitel_07,Pompeius,-0.5
kapitel_07,Crassus,0.5
kapitel_07,Crassus,-0.5
kapitel_07,Crassus,0.0
kapitel_07,Crassus,0.5
kapitel_07,Crassus,0.0
kapitel_07,Cicero,0.5
kapitel_07,Cicero,0.5
kapitel_07,Cicero,0.5
kapitel_07,Cicero,1.0
kapitel_07,Cicero,0.0
kapitel_08,Caesar,-0.5
kapitel_08,Caesar,-0.5
kapitel_08,Caesar,0.0
kapitel_08,Caesar,0.5
kapitel_08,Caesar,0.5
kapitel_08,Caesar,-0.5
kapitel_08,Caesar,0.5
kapitel_08,Caesar,-0.5
kapitel_08,Caesar,-0.5
kapitel_08,Caesar,-0.5
kapitel_08,Caesar,-1.0
kapitel_08,Caesar,-1.0
kapitel_08,Caesar,-0.5
kapitel_08,Caesar,-1.0
kapitel_08,Caesar,-0.5
kapitel_08,Caesar,0.0
kapitel_08,Caesar,0.0
kapitel_08,Caesar,0.0
kapitel_08,Caesar,1.0
kapitel_08,Caesar,0.5
kapitel_08,Caesar,-0.5
kapitel_08,Caesar,0.5
kapitel_08,Caesar,1.0
kapitel_08,Caesar,-0.5
kapitel_08,Caesar,-1.0
kapitel_08,Caesar,-1.0
kapitel_08,Caesar,-0.5
kapitel_08,Caesar,-1.0
kapitel_08,Caesar,-0.5
kapitel_08,Caesar,-0.5
kapitel_08,Caesar,-1.0
kapitel_08,Caesar,-1.0
kapitel_08,Caesar,-1.0
kapitel_08,Caesar,-1.0
kapitel_08,Caesar,-0.5
kapitel_08,Caesar,-0.5
kapitel_08,Caesar,0.0
kapitel_08,Caesar,0.0
kapitel_08,Caesar,-1.0
kapitel_08,Caesar,0.5
kapitel_08,Caesar,-0.5
kapitel_08,Caesar,0.5
kapitel_08,Caesar,0.0
kapitel_08,Caesar,1.0
kapitel_08,Caesar,0.0
kapitel_08,Caesar,-1.0
kapitel_08,Caesar,-0.5
kapitel_08,Caesar,-0.5
kapitel_08,Caesar,-1.0
kapitel_08,Caesar,0.0
kapitel_08,Caesar,0.0
kapitel_08,Caesar,-1.0
kapitel_08,Caesar,0.0
kapitel_08,Caesar,0.5
kapitel_08,Caesar,0.0
kapitel_08,Caesar,-1.0
kapitel_08,Caesar,-1.0
kapitel_08,Caesar,0.5
kapitel_08,Caesar,0.5
kapitel_08,Caesar,-0.5
kapitel_08,Caesar,-0.5
kapitel_08,Caesar,0.0
kapitel_08,Caesar,-0.5
kapitel_08,Caesar,-0.5
kapitel_08,Caesar,-1.0
kapitel_08,Caesar,-0.5
kapitel_08,Caesar,0.5
kapitel_08,Caesar,-0.5
kapitel_08,Caesar,-0.5
kapitel_08,Caesar,-1.0
kapitel_08,Caesar,-0.5
kapitel_08,Caesar,0.5
kapitel_08,Caesar,-0.5
kapitel_08,Caesar,-0.5
kapitel_08,Caesar,0.0
kapitel_08,Caesar,-0.5
kapitel_08,Caesar,-0.5
kapitel_08,Pompeius,-0.5
kapitel_08,Pompeius,-0.5
kapitel_08,Pompeius,0.5
kapitel_08,Pompeius,0.5
kapitel_08,Pompeius,-0.5
kapitel_08,Pompeius,0.5
kapitel_08,Pompeius,-0.5
kapitel_08,Pompeius,0.0
kapitel_08,Pompeius,1.0
kapitel_08,Pompeius,0.5
kapitel_08,Pompeius,-1.0
kapitel_08,Pompeius,-0.5
kapitel_08,Pompeius,-1.0
kapitel_08,Pompeius,-0.5
kapitel_08,Pompeius,0.0
kapitel_08,Pompeius,1.0
kapitel_08,Pompeius,-0.5
kapitel_08,Pompeius,1.0
kapitel_08,Pompeius,0.5
kapitel_08,Pompeius,0.5
kapitel_08,Pompeius,0.5
kapitel_08,Pompeius,-0.5
kapitel_08,Pompeius,0.5
kapitel_08,Pompeius,1.0
kapitel_08,Pompeius,-1.0
kapitel_08,Pompeius,-1.0
kapitel_08,Pompeius,-0.5
kapitel_08,Pompeius,0.5
kapitel_08,Pompeius,-0.5
kapitel_08,Pompeius,0.0
kapitel_08,Pompeius,-0.5
kapitel_08,Pompeius,-0.5
kapitel_08,Pompeius,0.5
kapitel_08,Pompeius,-1.0
kapitel_08,Pompeius,0.5
kapitel_08,Pompeius,-1.0
kapitel_08,Pompeius,-0.5
kapitel_08,Pompeius,-0.5
kapitel_08,Pompeius,-1.0
kapitel_08,Pompeius,-0.5
kapitel_08,Pompeius,0.5
kapitel_08,Pompeius,1.0
kapitel_08,Pompeius,-0.5
kapitel_08,Pompeius,0.5
kapitel_08,Pompeius,0.0
kapitel_08,Pompeius,-0.5
kapitel_08,Pompeius,0.5
kapitel_08,Pompeius,1.0
kapitel_08,Pompeius,-1.0
kapitel_08,Pompeius,0.0
kapitel_08,Pompeius,-1.0
kapitel_08,Pompeius,-0.5
kapitel_08,Pompeius,-1.0
kapitel_08,Pompeius,0.5
kapitel_08,Pompeius,-0.5
kapitel_08,Pompeius,0.5
kapitel_08,Pompeius,0.5
kapitel_08,Pompeius,-1.0
kapitel_08,Pompeius,0.5
kapitel_08,Pompeius,-0.5
kapitel_08,Pompeius,-1.0
kapitel_08,Pompeius,-0.5
kapitel_08,Pompeius,0.5
kapitel_08,Pompeius,-1.0
kapitel_08,Pompeius,-0.5
kapitel_08,Pompeius,-1.0
kapitel_08,Pompeius,-1.0
kapitel_08,Pompeius,-1.0
kapitel_08,Pompeius,0.0
kapitel_08,Pompeius,0.0
kapitel_08,Pompeius,-1.0
kapitel_08,Pompeius,0.5
kapitel_08,Pompeius,-1.0
kapitel_08,Pompeius,-0.5
kapitel_08,Pompeius,-0.5
kapitel_08,Pompeius,-0.5
kapitel_08,Pompeius,-1.0
kapitel_08,Pompeius,-1.0
kapitel_08,Pompeius,0.5
kapitel_08,Pompeius,0.5
kapitel_08,Crassus,-1.0
kapitel_08,Crassus,-1.0
kapitel_08,Crassus,0.0
kapitel_08,Crassus,0.5
kapitel_08,Crassus,1.0
kapitel_08,Crassus,-0.5
kapitel_08,Crassus,0.5
kapitel_08,Crassus,0.0
kapitel_08,Crassus,-0.5
kapitel_08,Crassus,-1.0
kapitel_08,Crassus,-1.0
kapitel_08,Crassus,0.5
kapitel_08,Crassus,-0.5
kapitel_08,Crassus,0.5
kapitel_08,Crassus,0.5
kapitel_08,Crassus,-1.0
kapitel_08,Crassus,-0.5
kapitel_08,Crassus,-0.5
kapitel_08,Crassus,-0.5
kapitel_08,Cato,-0.5
kapitel_08,Cato,-0.5
kapitel_08,Cato,1.0
kapitel_08,Cato,-1.0
kapitel_08,Cato,-0.5
kapitel_08,Cato,-0.5
kapitel_08,Cato,-1.0
kapitel_08,Cato,-0.5
kapitel_08,Cato,-0.5
kapitel_08,Cato,-0.5
kapitel_08,Cato,0.5
kapitel_08,Cato,0.0
kapitel_08,Cato,-1.0
kapitel_08,Cato,-0.5
kapitel_08,Cicero,-0.5
kapitel_08,Cicero,-1.0
kapitel_08,Cicero,-0.5
kapitel_08,Cicero,-1.0
kapitel_08,Cicero,-0.5
kapitel_08,Cicero,1.0
kapitel_08,Cicero,-1.0
kapitel_08,Cicero,-0.5
kapitel_08,Cicero,-0.5
kapitel_08,Cicero,-1.0
kapitel_08,Cicero,0.5
kapitel_08,Cicero,0.0
kapitel_08,Cicero,-1.0
kapitel_08,Cicero,-1.0
kapitel_08,Cicero,-1.0
kapitel_08,Cicero,-1.0
kapitel_08,Cicero,0.0
kapitel_08,Cicero,0.0
kapitel_08,Cicero,-0.5
kapitel_08,Cicero,-0.5
kapitel_08,Cicero,-0.5
kapitel_08,Cicero,-0.5
kapitel_08,Cicero,0.5
kapitel_09,Caesar,0.0
kapitel_09,Caesar,0.0
kapitel_09,Caesar,1.0
kapitel_09,Caesar,0.5
kapitel_09,Caesar,-0.5
kapitel_09,Caesar,0.0
kapitel_09,Caesar,-1.0
kapitel_09,Caesar,-0.5
kapitel_09,Caesar,0.5
kapitel_09,Caesar,-1.0
kapitel_09,Caesar,0.0
kapitel_09,Caesar,0.0
kapitel_09,Caesar,-1.0
kapitel_09,Caesar,-1.0
kapitel_09,Caesar,-1.0
kapitel_09,Caesar,0.5
kapitel_09,Caesar,-1.0
kapitel_09,Caesar,0.0
kapitel_09,Caesar,-0.5
kapitel_09,Caesar,-1.0
kapitel_09,Caesar,0.5
kapitel_09,Caesar,-0.5
kapitel_09,Caesar,-0.5
kapitel_09,Caesar,0.0
kapitel_09,Caesar,-0.5
kapitel_09,Caesar,0.0
kapitel_09,Caesar,0.5
kapitel_09,Caesar,-0.5
kapitel_09,Caesar,-0.5
kapitel_09,Caesar,0.0
kapitel_09,Caesar,-0.5
kapitel_09,Caesar,0.0
kapitel_09,Caesar,-0.5
kapitel_09,Caesar,0.0
kapitel_09,Caesar,0.5
kapitel_09,Caesar,-0.5
kapitel_09,Caesar,0.0
kapitel_09,Caesar,-0.5
kapitel_09,Caesar,-1.0
kapitel_09,Caesar,-1.0
kapitel_09,Caesar,0.0
kapitel_09,Caesar,-1.0
kapitel_09,Caesar,-1.0
kapitel_09,Caesar,-1.0
kapitel_09,Caesar,-1.0
kapitel_09,Caesar,-1.0
kapitel_09,Caesar,-1.0
kapitel_09,Caesar,-1.0
kapitel_09,Caesar,-1.0
kapitel_09,Caesar,-1.0
kapitel_09,Caesar,0.5
kapitel_09,Caesar,0.5
kapitel_09,Caesar,-1.0
kapitel_09,Caesar,-1.0
kapitel_09,Caesar,0.0
kapitel_09,Caesar,-1.0
kapitel_09,Caesar,-1.0
kapitel_09,Caesar,1.0
kapitel_09,Caesar,-0.5
kapitel_09,Caesar,-1.0
kapitel_09,Caesar,0.0
kapitel_09,Caesar,-0.5
kapitel_09,Caesar,-1.0
kapitel_09,Caesar,-0.5
kapitel_09,Caesar,-0.5
kapitel_09,Caesar,-1.0
kapitel_09,Caesar,-1.0
kapitel_09,Caesar,-1.0
kapitel_09,Caesar,0.5
kapitel_09,Caesar,-0.5
kapitel_09,Caesar,0.0
kapitel_09,Caesar,-0.5
kapitel_09,Caesar,-1.0
kapitel_09,Caesar,-0.5
kapitel_09,Caesar,1.0
kapitel_09,Caesar,-0.5
kapitel_09,Caesar,-1.0
kapitel_09,Caesar,0.5
kapitel_09,Caesar,-0.5
kapitel_09,Caesar,-0.5
kapitel_09,Caesar,0.5
kapitel_09,Caesar,-1.0
kapitel_09,Caesar,-1.0
kapitel_09,Caesar,0.0
kapitel_09,Caesar,0.5
kapitel_09,Caesar,-1.0
kapitel_09,Caesar,1.0
kapitel_09,Caesar,-1.0
kapitel_09,Caesar,-1.0
kapitel_09,Caesar,0.5
kapitel_09,Caesar,0.5
kapitel_09,Caesar,1.0
kapitel_09,Pompeius,0.0
kapitel_09,Pompeius,0.0
kapitel_09,Pompeius,1.0
kapitel_09,Pompeius,1.0
kapitel_09,Pompeius,0.0
kapitel_09,Pompeius,-0.5
kapitel_09,Pompeius,0.0
kapitel_09,Pompeius,0.0
kapitel_09,Pompeius,-0.5
kapitel_09,Pompeius,-0.5
kapitel_09,Pompeius,0.5
kapitel_09,Pompeius,-0.5
kapitel_09,Pompeius,-1.0
kapitel_09,Pompeius,0.0
kapitel_09,Pompeius,0.0
kapitel_09,Pompeius,-1.0
kapitel_09,Pompeius,-1.0
kapitel_09,Pompeius,-1.0
kapitel_09,Pompeius,-1.0
kapitel_09,Pompeius,-0.5
kapitel_09,Pompeius,-0.5
kapitel_09,Pompeius,-0.5
kapitel_09,Pompeius,-0.5
kapitel_09,Pompeius,-0.5
kapitel_09,Pompeius,-0.5
kapitel_09,Pompeius,0.0
kapitel_09,Pompeius,-0.5
kapitel_09,Pompeius,0.5
kapitel_09,Pompeius,-0.5
kapitel_09,Pompeius,-0.5
kapitel_09,Pompeius,0.0
kapitel_09,Pompeius,0.0
kapitel_09,Pompeius,-0.5
kapitel_09,Pompeius,-0.5
kapitel_09,Pompeius,-0.5
kapitel_09,Pompeius,0.0
kapitel_09,Pompeius,-0.5
kapitel_09,Pompeius,-0.5
kapitel_09,Pompeius,0.0
kapitel_09,Pompeius,-0.5
kapitel_09,Pompeius,-0.5
kapitel_09,Pompeius,0.0
kapitel_09,Pompeius,0.5
kapitel_09,Pompeius,0.0
kapitel_09,Pompeius,0.0
kapitel_09,Pompeius,-1.0
kapitel_09,Pompeius,0.5
kapitel_09,Pompeius,0.0
kapitel_09,Pompeius,-1.0
kapitel_09,Pompeius,-1.0
kapitel_09,Pompeius,-1.0
kapitel_09,Pompeius,-1.0
kapitel_09,Pompeius,-1.0
kapitel_09,Pompeius,0.5
kapitel_09,Pompeius,-1.0
kapitel_09,Pompeius,0.5
kapitel_09,Pompeius,-0.5
kapitel_09,Pompeius,-1.0
kapitel_09,Pompeius,-0.5
kapitel_09,Pompeius,-0.5
kapitel_09,Pompeius,-1.0
kapitel_09,Pompeius,-1.0
kapitel_09,Pompeius,-0.5
kapitel_09,Pompeius,0.5
kapitel_09,Pompeius,0.0
kapitel_09,Pompeius,-0.5
kapitel_09,Pompeius,-1.0
kapitel_09,Pompeius,-0.5
kapitel_09,Pompeius,-0.5
kapitel_09,Pompeius,1.0
kapitel_09,Pompeius,-0.5
kapitel_09,Pompeius,-1.0
kapitel_09,Pompeius,-1.0
kapitel_09,Pompeius,0.0
kapitel_09,Pompeius,0.5
kapitel_09,Pompeius,-1.0
kapitel_09,Pompeius,0.5
kapitel_09,Pompeius,-1.0
kapitel_09,Pompeius,0.5
kapitel_09,Pompeius,-1.0
kapitel_09,Pompeius,0.5
kapitel_09,Pompeius,1.0
kapitel_09,Pompeius,-1.0
kapitel_09,Crassus,0.0
kapitel_09,Crassus,0.0
kapitel_09,Crassus,0.0
kapitel_09,Crassus,0.0
kapitel_09,Crassus,-0.5
kapitel_09,Crassus,-0.5
kapitel_09,Crassus,0.5
kapitel_09,Crassus,-0.5
kapitel_09,Crassus,0.5
kapitel_09,Crassus,-1.0
kapitel_09,Crassus,-1.0
kapitel_09,Crassus,0.5
kapitel_09,Crassus,0.5
kapitel_09,Crassus,-0.5
kapitel_09,Crassus,0.5
kapitel_09,Crassus,0.5
kapitel_09,Crassus,-0.5
kapitel_09,Crassus,1.0
kapitel_09,Crassus,-1.0
kapitel_09,Crassus,-1.0
kapitel_09,Crassus,-1.0
kapitel_09,Cato,0.0
kapitel_09,Cato,0.0
kapitel_09,Cato,-0.5
kapitel_09,Cato,-0.5
kapitel_09,Cato,0.0
kapitel_09,Cato,-0.5
kapitel_09,Cato,-0.5
kapitel_09,Cato,0.0
kapitel_09,Cato,0.5
kapitel_09,Cato,-1.0
kapitel_09,Cato,-0.5
kapitel_09,Cato,-0.5
kapitel_09,Cato,-1.0
kapitel_09,Cato,0.5
kapitel_09,Cato,-1.0
kapitel_09,Cato,-1.0
kapitel_10,Caesar,0.0
kapitel_10,Caesar,0.0
kapitel_10,Caesar,0.5
kapitel_10,Caesar,0.5
kapitel_10,Caesar,0.5
kapitel_10,Caesar,0.0
kapitel_10,Caesar,0.0
kapitel_10,Caesar,0.5
kapitel_10,Caesar,-0.5
kapitel_10,Caesar,-0.5
kapitel_10,Caesar,-0.5
kapitel_10,Caesar,-0.5
kapitel_10,Caesar,-0.5
kapitel_10,Caesar,0.5
kapitel_10,Caesar,0.5
kapitel_10,Caesar,0.0
kapitel_10,Caesar,0.5
kapitel_10,Caesar,1.0
kapitel_10,Caesar,1.0
kapitel_10,Caesar,0.0
kapitel_10,Caesar,0.0
kapitel_10,Caesar,-0.5
kapitel_10,Caesar,-0.5
kapitel_10,Caesar,0.5
kapitel_10,Caesar,0.5
kapitel_10,Caesar,0.5
kapitel_10,Caesar,-0.5
kapitel_10,Caesar,-1.0
kapitel_10,Caesar,0.0
kapitel_10,Caesar,0.5
kapitel_10,Caesar,0.0
kapitel_10,Caesar,0.0
kapitel_10,Caesar,0.0
kapitel_10,Caesar,-0.5
kapitel_10,Caesar,1.0
kapitel_10,Caesar,0.5
kapitel_10,Caesar,0.5
kapitel_10,Caesar,0.5
kapitel_10,Caesar,0.5
kapitel_10,Caesar,-0.5
kapitel_10,Caesar,0.0
kapitel_10,Caesar,-1.0
kapitel_10,Caesar,-0.5
kapitel_10,Caesar,-0.5
kapitel_10,Caesar,0.0
kapitel_10,Caesar,0.0
kapitel_10,Caesar,-0.5
kapitel_10,Caesar,-0.5
kapitel_10,Caesar,0.0
kapitel_10,Caesar,-1.0
kapitel_10,Caesar,-1.0
kapitel_10,Caesar,-1.0
kapitel_10,Caesar,-1.0
kapitel_10,Caesar,-0.5
kapitel_10,Caesar,0.5
kapitel_10,Caesar,-0.5
kapitel_10,Caesar,-0.5
kapitel_10,Caesar,0.5
kapitel_10,Caesar,-0.5
kapitel_10,Caesar,-0.5
kapitel_10,Caesar,0.5
kapitel_10,Caesar,0.5
kapitel_10,Caesar,-0.5
kapitel_10,Caesar,-0.5
kapitel_10,Caesar,-1.0
kapitel_10,Caesar,-1.0
kapitel_10,Caesar,0.0
kapitel_10,Caesar,0.5
kapitel_10,Caesar,0.0
kapitel_10,Caesar,0.0
kapitel_10,Caesar,-1.0
kapitel_10,Caesar,-1.0
kapitel_10,Caesar,-0.5
kapitel_10,Caesar,-0.5
kapitel_10,Caesar,0.0
kapitel_10,Caesar,0.0
kapitel_10,Caesar,-0.5
kapitel_10,Caesar,-0.5
kapitel_10,Caesar,0.0
kapitel_10,Caesar,-1.0
kapitel_10,Caesar,-1.0
kapitel_10,Caesar,-1.0
kapitel_10,Caesar,-1.0
kapitel_10,Caesar,-1.0
kapitel_10,Caesar,-0.5
kapitel_10,Caesar,-0.5
kapitel_10,Caesar,-1.0
kapitel_10,Caesar,-0.5
kapitel_10,Caesar,-0.5
kapitel_10,Caesar,-0.5
kapitel_10,Caesar,0.5
kapitel_10,Caesar,0.0
kapitel_10,Caesar,-0.5
kapitel_10,Caesar,-0.5
kapitel_10,Caesar,-0.5
kapitel_10,Caesar,-0.5
kapitel_10,Caesar,-0.5
kapitel_10,Caesar,-0.5
kapitel_10,Caesar,-0.5
kapitel_10,Caesar,1.0
kapitel_10,Caesar,0.5
kapitel_10,Caesar,0.0
kapitel_10,Caesar,0.5
kapitel_10,Caesar,-0.5
kapitel_10,Caesar,0.0
kapitel_10,Caesar,0.0
kapitel_10,Caesar,0.5
kapitel_10,Caesar,0.0
kapitel_10,Caesar,0.0
kapitel_10,Caesar,0.0
kapitel_10,Caesar,0.0
kapitel_10,Caesar,-1.0
kapitel_10,Caesar,-0.5
kapitel_10,Caesar,0.5
kapitel_10,Caesar,0.5
kapitel_10,Caesar,0.5
kapitel_10,Caesar,0.5
kapitel_10,Caesar,0.0
kapitel_10,Caesar,0.0
kapitel_10,Caesar,-0.5
kapitel_10,Caesar,0.0
kapitel_10,Caesar,0.0
kapitel_10,Caesar,-0.5
kapitel_10,Caesar,-0.5
kapitel_10,Caesar,0.5
kapitel_10,Caesar,-0.5
kapitel_10,Caesar,-0.5
kapitel_10,Caesar,-0.5
kapitel_10,Caesar,1.0
kapitel_10,Caesar,-0.5
kapitel_10,Caesar,-1.0
kapitel_10,Caesar,-0.5
kapitel_10,Caesar,0.5
kapitel_10,Caesar,0.0
kapitel_10,Caesar,-0.5
kapitel_10,Caesar,-0.5
kapitel_10,Caesar,-1.0
kapitel_10,Caesar,-0.5
kapitel_10,Caesar,-1.0
kapitel_10,Caesar,1.0
kapitel_10,Caesar,0.5
kapitel_10,Caesar,0.5
kapitel_10,Caesar,0.5
kapitel_10,Caesar,-1.0
kapitel_10,Caesar,-0.5
kapitel_10,Caesar,-0.5
kapitel_10,Caesar,-0.5
kapitel_10,Caesar,0.0
kapitel_10,Caesar,-0.5
kapitel_10,Caesar,-0.5
kapitel_10,Caesar,0.5
kapitel_10,Caesar,-0.5
kapitel_10,Caesar,-0.5
kapitel_10,Caesar,-0.5
kapitel_10,Caesar,-0.5
kapitel_10,Caesar,0.0
kapitel_10,Caesar,0.0
kapitel_10,Caesar,0.5
kapitel_10,Caesar,0.5
kapitel_10,Caesar,0.0
kapitel_10,Caesar,-0.5
kapitel_10,Caesar,-0.5
kapitel_10,Caesar,-0.5
kapitel_10,Caesar,0.5
kapitel_10,Caesar,0.5
kapitel_10,Caesar,0.0
kapitel_10,Caesar,-0.5
kapitel_10,Caesar,0.5
kapitel_10,Caesar,-0.5
kapitel_10,Caesar,0.0
kapitel_10,Caesar,-1.0
kapitel_10,Caesar,0.0
kapitel_10,Caesar,-0.5
kapitel_10,Caesar,-0.5
kapitel_10,Caesar,-0.5
kapitel_10,Caesar,0.0
kapitel_10,Caesar,0.5
kapitel_10,Caesar,0.0
kapitel_10,Caesar,0.5
kapitel_10,Caesar,-0.5
kapitel_10,Caesar,-0.5
kapitel_10,Caesar,-0.5
kapitel_10,Caesar,0.0
kapitel_10,Caesar,-0.5
kapitel_10,Caesar,-0.5
kapitel_10,Caesar,0.0
kapitel_10,Caesar,0.5
kapitel_10,Caesar,-0.5
kapitel_10,Caesar,-0.5
kapitel_10,Caesar,0.5
kapitel_10,Caesar,0.5
kapitel_10,Caesar,0.0
kapitel_10,Caesar,-0.5
kapitel_10,Caesar,-0.5
kapitel_10,Caesar,0.5
kapitel_10,Caesar,-0.5
kapitel_10,Caesar,-0.5
kapitel_10,Caesar,-0.5
kapitel_10,Caesar,-1.0
kapitel_10,Caesar,-0.5
kapitel_10,Caesar,0.0
kapitel_10,Caesar,-1.0
kapitel_10,Caesar,0.5
kapitel_10,Caesar,0.0
kapitel_10,Caesar,0.5
kapitel_10,Caesar,1.0
kapitel_10,Caesar,1.0
kapitel_10,Caesar,0.0
kapitel_10,Caesar,0.0
kapitel_10,Caesar,0.5
kapitel_10,Caesar,0.5
kapitel_10,Caesar,0.5
kapitel_10,Caesar,1.0
kapitel_10,Caesar,0.0
kapitel_10,Caesar,-0.5
kapitel_10,Caesar,0.5
kapitel_10,Caesar,0.5
kapitel_10,Caesar,0.5
kapitel_10,Caesar,0.5
kapitel_10,Caesar,0.5
kapitel_10,Caesar,1.0
kapitel_10,Caesar,0.5
kapitel_10,Caesar,-0.5
kapitel_10,Caesar,0.0
kapitel_10,Caesar,0.0
kapitel_10,Caesar,0.0
kapitel_10,Caesar,-0.5
kapitel_10,Caesar,-1.0
kapitel_10,Caesar,0.5
kapitel_10,Caesar,0.5
kapitel_10,Caesar,0.0
kapitel_10,Caesar,-0.5
kapitel_10,Caesar,0.5
kapitel_10,Caesar,0.0
kapitel_10,Caesar,-0.5
kapitel_10,Caesar,-0.5
kapitel_10,Caesar,-1.0
kapitel_10,Caesar,-0.5
kapitel_10,Caesar,-0.5
kapitel_10,Caesar,-0.5
kapitel_10,Caesar,-0.5
kapitel_10,Caesar,0.0
kapitel_10,Caesar,-0.5
kapitel_10,Caesar,0.0
kapitel_10,Caesar,-1.0
kapitel_10,Caesar,1.0
kapitel_10,Caesar,-0.5
kapitel_10,Caesar,-1.0
kapitel_10,Caesar,-0.5
kapitel_10,Caesar,0.5
kapitel_10,Caesar,0.5
kapitel_10,Caesar,0.0
kapitel_10,Caesar,0.5
kapitel_10,Caesar,-1.0
kapitel_10,Caesar,-0.5
kapitel_10,Caesar,-1.0
kapitel_10,Caesar,0.5
kapitel_10,Caesar,-0.5
kapitel_10,Caesar,-1.0
kapitel_10,Caesar,-0.5
kapitel_10,Caesar,-0.5
kapitel_10,Caesar,0.5
kapitel_10,Caesar,0.0
kapitel_10,Caesar,-0.5
kapitel_10,Caesar,0.5
kapitel_10,Caesar,0.5
kapitel_10,Caesar,0.5
kapitel_10,Caesar,0.5
kapitel_10,Caesar,-0.5
kapitel_10,Caesar,-0.5
kapitel_10,Caesar,0.0
kapitel_10,Caesar,-0.5
kapitel_10,Caesar,0.5
kapitel_10,Caesar,0.5
kapitel_10,Caesar,0.0
kapitel_10,Caesar,0.5
kapitel_10,Caesar,-1.0
kapitel_10,Caesar,1.0
kapitel_10,Caesar,0.5
kapitel_10,Caesar,-0.5
kapitel_10,Caesar,-0.5
kapitel_10,Caesar,0.0
kapitel_10,Caesar,0.5
kapitel_10,Caesar,-0.5
kapitel_10,Caesar,-0.5
kapitel_10,Caesar,0.0
kapitel_10,Caesar,-1.0
kapitel_10,Caesar,-0.5
kapitel_10,Caesar,0.5
kapitel_10,Caesar,-0.5
kapitel_10,Caesar,-0.5
kapitel_10,Caesar,0.0
kapitel_10,Caesar,-0.5
kapitel_10,Caesar,0.5
kapitel_10,Caesar,0.5
kapitel_10,Caesar,-0.5
kapitel_10,Caesar,0.0
kapitel_10,Caesar,-0.5
kapitel_10,Caesar,-0.5
kapitel_10,Caesar,-1.0
kapitel_10,Caesar,-1.0
kapitel_10,Caesar,-1.0
kapitel_10,Caesar,-0.5
kapitel_10,Caesar,0.0
kapitel_10,Caesar,-0.5
kapitel_10,Caesar,-0.5
kapitel_10,Caesar,-0.5
kapitel_10,Caesar,0.0
kapitel_10,Caesar,-1.0
kapitel_10,Caesar,-1.0
kapitel_10,Caesar,1.0
kapitel_10,Caesar,1.0
kapitel_10,Caesar,0.0
kapitel_10,Caesar,-1.0
kapitel_10,Caesar,-0.5
kapitel_10,Caesar,-0.5
kapitel_10,Caesar,0.0
kapitel_10,Caesar,0.5
kapitel_10,Caesar,-1.0
kapitel_10,Caesar,0.5
kapitel_10,Caesar,0.5
kapitel_10,Caesar,0.0
kapitel_10,Caesar,0.0
kapitel_10,Caesar,1.0
kapitel_10,Caesar,0.0
kapitel_10,Caesar,-0.5
kapitel_10,Caesar,0.5
kapitel_10,Caesar,-0.5
kapitel_10,Caesar,-1.0
kapitel_10,Caesar,-0.5
kapitel_10,Caesar,-0.5
kapitel_10,Caesar,-0.5
kapitel_10,Caesar,0.5
kapitel_10,Caesar,0.5
kapitel_10,Caesar,1.0
kapitel_10,Caesar,0.0
kapitel_10,Caesar,0.5
kapitel_10,Caesar,-1.0
kapitel_10,Caesar,-0.5
kapitel_10,Caesar,-0.5
kapitel_10,Caesar,0.5
kapitel_10,Caesar,-1.0
kapitel_10,Caesar,-0.5
kapitel_10,Caesar,0.5
kapitel_10,Caesar,0.5
kapitel_10,Caesar,1.0
kapitel_10,Caesar,-1.0
kapitel_10,Caesar,-1.0
kapitel_10,Caesar,1.0
kapitel_10,Sertorius,0.0
kapitel_10,Sertorius,0.5
kapitel_10,Pompeius,0.0
kapitel_10,Pompeius,-0.5
kapitel_10,Pompeius,-0.5
kapitel_10,Pompeius,0.5
kapitel_10,Pompeius,0.0
kapitel_10,Pompeius,0.0
kapitel_10,Pompeius,0.0
kapitel_10,Pompeius,1.0
kapitel_10,Pompeius,0.5
kapitel_10,Pompeius,0.5
kapitel_10,Pompeius,0.5
kapitel_10,Pompeius,0.5
kapitel_10,Pompeius,-0.5
kapitel_10,Pompeius,0.0
kapitel_10,Pompeius,-0.5
kapitel_10,Pompeius,-0.5
kapitel_10,Pompeius,0.0
kapitel_10,Pompeius,0.0
kapitel_10,Pompeius,-1.0
kapitel_10,Pompeius,-1.0
kapitel_10,Pompeius,-1.0
kapitel_10,Pompeius,-0.5
kapitel_10,Pompeius,0.5
kapitel_10,Pompeius,-0.5
kapitel_10,Pompeius,-0.5
kapitel_10,Pompeius,0.5
kapitel_10,Pompeius,-0.5
kapitel_10,Pompeius,-0.5
kapitel_10,Pompeius,0.5
kapitel_10,Pompeius,-1.0
kapitel_10,Pompeius,0.5
kapitel_10,Pompeius,0.5
kapitel_10,Pompeius,0.0
kapitel_10,Pompeius,0.5
kapitel_10,Pompeius,0.5
kapitel_10,Pompeius,0.0
kapitel_10,Pompeius,-0.5
kapitel_10,Pompeius,-1.0
kapitel_10,Pompeius,-1.0
kapitel_10,Pompeius,-0.5
kapitel_10,Pompeius,-0.5
kapitel_10,Pompeius,0.5
kapitel_10,Pompeius,0.0
kapitel_10,Pompeius,0.5
kapitel_10,Pompeius,-0.5
kapitel_10,Pompeius,0.0
kapitel_10,Pompeius,0.0
kapitel_10,Pompeius,1.0
kapitel_10,Pompeius,-0.5
kapitel_10,Pompeius,0.5
kapitel_10,Pompeius,-1.0
kapitel_10,Pompeius,-0.5
kapitel_10,Pompeius,0.5
kapitel_10,Pompeius,0.0
kapitel_10,Pompeius,-0.5
kapitel_10,Pompeius,-0.5
kapitel_10,Pompeius,-0.5
kapitel_10,Pompeius,0.0
kapitel_10,Pompeius,0.0
kapitel_10,Pompeius,0.0
kapitel_10,Pompeius,0.5
kapitel_10,Pompeius,-0.5
kapitel_10,Pompeius,1.0
kapitel_10,Pompeius,0.5
kapitel_10,Pompeius,0.5
kapitel_10,Pompeius,-0.5
kapitel_10,Pompeius,0.5
kapitel_10,Pompeius,-1.0
kapitel_10,Pompeius,1.0
kapitel_10,Pompeius,-0.5
kapitel_10,Pompeius,-0.5
kapitel_10,Pompeius,0.5
kapitel_10,Pompeius,-0.5
kapitel_10,Pompeius,0.0
kapitel_10,Pompeius,0.5
kapitel_10,Pompeius,-0.5
kapitel_10,Pompeius,-0.5
kapitel_10,Pompeius,-0.5
kapitel_10,Pompeius,-0.5
kapitel_10,Pompeius,-0.5
kapitel_10,Pompeius,-0.5
kapitel_10,Pompeius,0.5
kapitel_10,Pompeius,0.5
kapitel_10,Pompeius,-0.5
kapitel_10,Pompeius,0.5
kapitel_10,Pompeius,0.0
kapitel_10,Pompeius,-0.5
kapitel_10,Pompeius,-0.5
kapitel_10,Pompeius,-0.5
kapitel_10,Pompeius,-0.5
kapitel_10,Pompeius,-1.0
kapitel_10,Pompeius,0.5
kapitel_10,Pompeius,0.0
kapitel_10,Pompeius,-0.5
kapitel_10,Pompeius,0.5
kapitel_10,Pompeius,0.0
kapitel_10,Pompeius,-0.5
kapitel_10,Pompeius,0.5
kapitel_10,Pompeius,0.5
kapitel_10,Pompeius,0.5
kapitel_10,Pompeius,1.0
kapitel_10,Pompeius,0.5
kapitel_10,Pompeius,-0.5
kapitel_10,Pompeius,0.5
kapitel_10,Pompeius,0.5
kapitel_10,Pompeius,0.5
kapitel_10,Pompeius,0.5
kapitel_10,Pompeius,0.5
kapitel_10,Pompeius,0.5
kapitel_10,Pompeius,-0.5
kapitel_10,Pompeius,0.0
kapitel_10,Pompeius,0.0
kapitel_10,Pompeius,0.5
kapitel_10,Pompeius,0.5
kapitel_10,Pompeius,0.0
kapitel_10,Pompeius,-0.5
kapitel_10,Pompeius,-0.5
kapitel_10,Pompeius,1.0
kapitel_10,Pompeius,0.0
kapitel_10,Pompeius,-1.0
kapitel_10,Pompeius,-1.0
kapitel_10,Pompeius,-0.5
kapitel_10,Pompeius,-0.5
kapitel_10,Pompeius,-0.5
kapitel_10,Pompeius,-0.5
kapitel_10,Pompeius,0.5
kapitel_10,Pompeius,0.0
kapitel_10,Pompeius,0.5
kapitel_10,Pompeius,-0.5
kapitel_10,Pompeius,0.0
kapitel_10,Pompeius,0.0
kapitel_10,Pompeius,0.5
kapitel_10,Pompeius,0.0
kapitel_10,Pompeius,0.5
kapitel_10,Pompeius,1.0
kapitel_10,Pompeius,-0.5
kapitel_10,Pompeius,0.0
kapitel_10,Pompeius,0.5
kapitel_10,Pompeius,-1.0
kapitel_10,Pompeius,0.5
kapitel_10,Pompeius,0.0
kapitel_10,Pompeius,-0.5
kapitel_10,Pompeius,-0.5
kapitel_10,Pompeius,0.5
kapitel_10,Pompeius,-0.5
kapitel_10,Pompeius,0.0
kapitel_10,Pompeius,-0.5
kapitel_10,Pompeius,-0.5
kapitel_10,Pompeius,0.0
kapitel_10,Pompeius,0.5
kapitel_10,Pompeius,0.5
kapitel_10,Pompeius,1.0
kapitel_10,Crassus,-0.5
kapitel_10,Crassus,0.5
kapitel_10,Crassus,0.5
kapitel_10,Crassus,-0.5
kapitel_10,Cato,0.5
kapitel_10,Cato,-1.0
kapitel_10,Cato,0.5
kapitel_10,Cato,0.5
kapitel_10,Cato,0.0
kapitel_10,Cato,-0.5
kapitel_10,Cato,1.0
kapitel_10,Cato,-1.0
kapitel_10,Cato,1.0
kapitel_10,Cato,-0.5
kapitel_10,Cato,0.0
kapitel_10,Cato,0.0
kapitel_10,Cato,-0.5
kapitel_10,Cato,-0.5
kapitel_10,Cato,0.0
kapitel_10,Cato,-0.5
kapitel_10,Cato,0.0
kapitel_10,Cato,-0.5
kapitel_10,Cato,-0.5
kapitel_10,Cato,0.5
kapitel_10,Cato,1.0
kapitel_10,Cato,0.0
kapitel_10,Cato,-0.5
kapitel_10,Cato,0.5
kapitel_10,Cato,-0.5
kapitel_10,Cato,0.5
kapitel_10,Cato,0.5
kapitel_10,Cato,0.5
kapitel_10,Cato,0.5
kapitel_10,Cato,-0.5
kapitel_10,Cato,0.0
kapitel_10,Cato,-0.5
kapitel_10,Cato,-1.0
kapitel_10,Cato,-0.5
kapitel_10,Cato,-1.0
kapitel_10,Cato,-1.0
kapitel_10,Cato,1.0
kapitel_10,Cicero,0.0
kapitel_10,Cicero,0.0
kapitel_10,Cicero,0.5
kapitel_10,Cicero,-0.5
kapitel_10,Cicero,0.0
kapitel_10,Cicero,-0.5
kapitel_11,Caesar,1.0
kapitel_11,Caesar,1.0
kapitel_11,Caesar,1.0
kapitel_11,Caesar,-0.5
kapitel_11,Caesar,0.5
kapitel_11,Caesar,1.0
kapitel_11,Caesar,-0.5
kapitel_11,Caesar,-1.0
kapitel_11,Caesar,0.5
kapitel_11,Caesar,0.5
kapitel_11,Caesar,0.0
kapitel_11,Caesar,0.5
kapitel_11,Caesar,0.5
kapitel_11,Caesar,0.0
kapitel_11,Caesar,0.0
kapitel_11,Caesar,0.5
kapitel_11,Caesar,0.5
kapitel_11,Caesar,1.0
kapitel_11,Caesar,1.0
kapitel_11,Caesar,0.5
kapitel_11,Caesar,0.5
kapitel_11,Caesar,-0.5
kapitel_11,Caesar,1.0
kapitel_11,Caesar,0.5
kapitel_11,Caesar,1.0
kapitel_11,Caesar,0.0
kapitel_11,Caesar,1.0
kapitel_11,Caesar,1.0
kapitel_11,Caesar,0.0
kapitel_11,Caesar,0.0
kapitel_11,Caesar,-0.5
kapitel_11,Caesar,-1.0
kapitel_11,Caesar,-1.0
kapitel_11,Caesar,-0.5
kapitel_11,Caesar,-0.5
kapitel_11,Caesar,-1.0
kapitel_11,Caesar,1.0
kapitel_11,Caesar,0.0
kapitel_11,Caesar,-0.5
kapitel_11,Caesar,0.0
kapitel_11,Caesar,0.5
kapitel_11,Caesar,0.0
kapitel_11,Caesar,-1.0
kapitel_11,Caesar,-1.0
kapitel_11,Caesar,-1.0
kapitel_11,Caesar,0.5
kapitel_11,Caesar,0.5
kapitel_11,Caesar,0.5
kapitel_11,Caesar,-1.0
kapitel_11,Caesar,-1.0
kapitel_11,Caesar,-1.0
kapitel_11,Caesar,-0.5
kapitel_11,Caesar,-1.0
kapitel_11,Caesar,-0.5
kapitel_11,Caesar,0.0
kapitel_11,Caesar,0.5
kapitel_11,Caesar,1.0
kapitel_11,Caesar,-1.0
kapitel_11,Caesar,-1.0
kapitel_11,Caesar,0.0
kapitel_11,Caesar,0.0
kapitel_11,Caesar,1.0
kapitel_11,Caesar,0.5
kapitel_11,Caesar,0.0
kapitel_11,Caesar,-1.0
kapitel_11,Caesar,1.0
kapitel_11,Caesar,-1.0
kapitel_11,Caesar,0.5
kapitel_11,Caesar,0.5
kapitel_11,Caesar,0.5
kapitel_11,Caesar,1.0
kapitel_11,Caesar,-1.0
kapitel_11,Caesar,-1.0
kapitel_11,Caesar,1.0
kapitel_11,Caesar,0.5
kapitel_11,Caesar,0.5
kapitel_11,Caesar,0.0
kapitel_11,Caesar,0.0
kapitel_11,Caesar,0.0
kapitel_11,Caesar,0.5
kapitel_11,Caesar,0.0
kapitel_11,Caesar,-0.5
kapitel_11,Caesar,1.0
kapitel_11,Caesar,0.5
kapitel_11,Caesar,0.5
kapitel_11,Caesar,0.5
kapitel_11,Caesar,1.0
kapitel_11,Caesar,-1.0
kapitel_11,Caesar,-1.0
kapitel_11,Caesar,-1.0
kapitel_11,Caesar,-1.0
kapitel_11,Caesar,0.0
kapitel_11,Caesar,0.5
kapitel_11,Caesar,0.5
kapitel_11,Caesar,1.0
kapitel_11,Caesar,1.0
kapitel_11,Caesar,-0.5
kapitel_11,Caesar,1.0
kapitel_11,Caesar,0.5
kapitel_11,Caesar,-0.5
kapitel_11,Caesar,0.0
kapitel_11,Caesar,-0.5
kapitel_11,Caesar,0.5
kapitel_11,Caesar,-1.0
kapitel_11,Caesar,0.5
kapitel_11,Caesar,-0.5
kapitel_11,Caesar,0.5
kapitel_11,Caesar,0.5
kapitel_11,Caesar,0.5
kapitel_11,Caesar,-0.5
kapitel_11,Caesar,-1.0
kapitel_11,Caesar,-0.5
kapitel_11,Caesar,-0.5
kapitel_11,Caesar,-1.0
kapitel_11,Caesar,0.0
kapitel_11,Caesar,-1.0
kapitel_11,Caesar,-1.0
kapitel_11,Caesar,-0.5
kapitel_11,Caesar,-0.5
kapitel_11,Caesar,-1.0
kapitel_11,Caesar,0.0
kapitel_11,Caesar,-0.5
kapitel_11,Caesar,-0.5
kapitel_11,Caesar,0.0
kapitel_11,Caesar,0.5
kapitel_11,Caesar,0.5
kapitel_11,Caesar,-0.5
kapitel_11,Caesar,0.5
kapitel_11,Caesar,-0.5
kapitel_11,Caesar,-1.0
kapitel_11,Caesar,-0.5
kapitel_11,Caesar,0.5
kapitel_11,Caesar,0.5
kapitel_11,Caesar,-0.5
kapitel_11,Caesar,-0.5
kapitel_11,Caesar,0.5
kapitel_11,Caesar,0.0
kapitel_11,Caesar,-0.5
kapitel_11,Caesar,-1.0
kapitel_11,Caesar,-1.0
kapitel_11,Caesar,0.0
kapitel_11,Caesar,0.0
kapitel_11,Caesar,-0.5
kapitel_11,Caesar,-0.5
kapitel_11,Caesar,0.5
kapitel_11,Caesar,1.0
kapitel_11,Caesar,0.5
kapitel_11,Caesar,-0.5
kapitel_11,Caesar,0.0
kapitel_11,Caesar,-1.0
kapitel_11,Caesar,-0.5
kapitel_11,Caesar,-0.5
kapitel_11,Caesar,-1.0
kapitel_11,Caesar,0.5
kapitel_11,Caesar,0.5
kapitel_11,Caesar,0.0
kapitel_11,Caesar,0.0
kapitel_11,Caesar,-0.5
kapitel_11,Caesar,-1.0
kapitel_11,Caesar,-1.0
kapitel_11,Caesar,-1.0
kapitel_11,Caesar,0.5
kapitel_11,Caesar,-1.0
kapitel_11,Caesar,0.0
kapitel_11,Caesar,1.0
kapitel_11,Caesar,0.5
kapitel_11,Caesar,-0.5
kapitel_11,Caesar,-1.0
kapitel_11,Caesar,0.0
kapitel_11,Caesar,-0.5
kapitel_11,Caesar,-0.5
kapitel_11,Caesar,-0.5
kapitel_11,Caesar,-0.5
kapitel_11,Caesar,-0.5
kapitel_11,Caesar,1.0
kapitel_11,Caesar,1.0
kapitel_11,Caesar,0.5
kapitel_11,Caesar,-1.0
kapitel_11,Caesar,-0.5
kapitel_11,Caesar,0.5
kapitel_11,Caesar,0.0
kapitel_11,Caesar,0.0
kapitel_11,Caesar,-0.5
kapitel_11,Caesar,-1.0
kapitel_11,Caesar,-1.0
kapitel_11,Caesar,-1.0
kapitel_11,Caesar,-1.0
kapitel_11,Caesar,-1.0
kapitel_11,Caesar,-1.0
kapitel_11,Caesar,-0.5
kapitel_11,Caesar,-0.5
kapitel_11,Caesar,-1.0
kapitel_11,Caesar,0.5
kapitel_11,Caesar,0.5
kapitel_11,Caesar,0.5
kapitel_11,Caesar,-0.5
kapitel_11,Caesar,-1.0
kapitel_11,Caesar,-0.5
kapitel_11,Caesar,0.0
kapitel_11,Caesar,0.5
kapitel_11,Caesar,0.0
kapitel_11,Caesar,-0.5
kapitel_11,Caesar,1.0
kapitel_11,Caesar,0.5
kapitel_11,Caesar,-0.5
kapitel_11,Caesar,-0.5
kapitel_11,Caesar,-0.5
kapitel_11,Caesar,0.0
kapitel_11,Caesar,-1.0
kapitel_11,Caesar,-1.0
kapitel_11,Caesar,-0.5
kapitel_11,Caesar,0.5
kapitel_11,Caesar,-0.5
kapitel_11,Caesar,0.5
kapitel_11,Caesar,-0.5
kapitel_11,Caesar,1.0
kapitel_11,Caesar,1.0
kapitel_11,Caesar,-0.5
kapitel_11,Caesar,-0.5
kapitel_11,Caesar,-0.5
kapitel_11,Caesar,0.0
kapitel_11,Caesar,0.0
kapitel_11,Caesar,0.5
kapitel_11,Caesar,-1.0
kapitel_11,Caesar,0.5
kapitel_11,Caesar,-1.0
kapitel_11,Caesar,0.5
kapitel_11,Caesar,0.5
kapitel_11,Caesar,-0.5
kapitel_11,Caesar,0.5
kapitel_11,Caesar,0.5
kapitel_11,Caesar,0.5
kapitel_11,Caesar,0.5
kapitel_11,Caesar,-0.5
kapitel_11,Caesar,-1.0
kapitel_11,Caesar,-0.5
kapitel_11,Caesar,0.0
kapitel_11,Caesar,0.5
kapitel_11,Caesar,-0.5
kapitel_11,Caesar,-1.0
kapitel_11,Caesar,1.0
kapitel_11,Caesar,0.5
kapitel_11,Caesar,-0.5
kapitel_11,Caesar,-1.0
kapitel_11,Caesar,0.5
kapitel_11,Caesar,0.0
kapitel_11,Caesar,-0.5
kapitel_11,Caesar,0.0
kapitel_11,Caesar,-1.0
kapitel_11,Caesar,0.0
kapitel_11,Caesar,-1.0
kapitel_11,Caesar,0.0
kapitel_11,Caesar,-0.5
kapitel_11,Caesar,1.0
kapitel_11,Caesar,0.0
kapitel_11,Caesar,-0.5
kapitel_11,Caesar,0.5
kapitel_11,Caesar,-0.5
kapitel_11,Caesar,0.0
kapitel_11,Caesar,0.0
kapitel_11,Caesar,0.0
kapitel_11,Caesar,0.0
kapitel_11,Caesar,-1.0
kapitel_11,Sertorius,-0.5
kapitel_11,Sertorius,-0.5
kapitel_11,Sertorius,-0.5
kapitel_11,Pompeius,-1.0
kapitel_11,Pompeius,0.5
kapitel_11,Pompeius,-1.0
kapitel_11,Pompeius,0.5
kapitel_11,Pompeius,-0.5
kapitel_11,Pompeius,-0.5
kapitel_11,Pompeius,-0.5
kapitel_11,Pompeius,-1.0
kapitel_11,Pompeius,-1.0
kapitel_11,Pompeius,-1.0
kapitel_11,Pompeius,-1.0
kapitel_11,Pompeius,-1.0
kapitel_11,Pompeius,-0.5
kapitel_11,Pompeius,-0.5
kapitel_11,Pompeius,0.0
kapitel_11,Crassus,-1.0
kapitel_11,Crassus,-1.0
kapitel_11,Cato,-1.0
kapitel_11,Cato,-1.0
kapitel_11,Cato,-1.0
kapitel_11,Cato,-0.5
kapitel_11,Cato,-1.0
kapitel_11,Cato,0.0
kapitel_11,Cato,0.5
kapitel_11,Cato,0.5
kapitel_11,Cato,-0.5
kapitel_11,Cicero,1.0
kapitel_11,Cicero,1.0
kapitel_11,Cicero,-1.0
kapitel_11,Cicero,0.5
kapitel_12,Caesar,0.0
kapitel_12,Caesar,0.5
kapitel_12,Caesar,-0.5
kapitel_12,Caesar,1.0
kapitel_12,Caesar,-0.5
kapitel_12,Caesar,1.0
kapitel_12,Caesar,0.0
kapitel_12,Caesar,-0.5
kapitel_12,Caesar,0.0
kapitel_12,Caesar,0.5
kapitel_12,Caesar,-0.5
kapitel_12,Caesar,-0.5
kapitel_12,Caesar,-1.0
kapitel_12,Caesar,0.0
kapitel_12,Caesar,1.0
kapitel_12,Caesar,0.0
kapitel_12,Caesar,1.0
kapitel_12,Caesar,-0.5
kapitel_12,Caesar,-0.5
kapitel_12,Caesar,0.5
kapitel_12,Caesar,-1.0
kapitel_12,Caesar,-0.5
kapitel_12,Caesar,1.0
kapitel_12,Caesar,-0.5
kapitel_12,Caesar,0.0
kapitel_12,Caesar,0.5
kapitel_12,Caesar,0.5
kapitel_12,Caesar,0.5
kapitel_12,Caesar,0.0
kapitel_12,Caesar,-0.5
kapitel_12,Caesar,0.5
kapitel_12,Caesar,0.5
kapitel_12,Caesar,-0.5
kapitel_12,Caesar,0.0
kapitel_12,Pompeius,-0.5
kapitel_12,Pompeius,-0.5
kapitel_12,Pompeius,1.0
kapitel_12,Crassus,0.5
kapitel_12,Crassus,0.5
kapitel_12,Cato,-0.5
kapitel_12,Cato,0.5
kapitel_12,Cato,0.5
kapitel_12,Cato,-0.5
kapitel_12,Cato,0.5
kapitel_12,Cato,0.5
kapitel_12,Cato,-0.5
kapitel_12,Cato,0.5
kapitel_12,Cato,-0.5
kapitel_12,Cicero,-1.0
kapitel_12,Cicero,0.5
kapitel_12,Cicero,-0.5
kapitel_12,Cicero,-0.5
kapitel_12,Cicero,0.5
kapitel_12,Cicero,-0.5
kapitel_12,Cicero,-0.5
kapitel_12,Cicero,1.0
kapitel_12,Cicero,0.0
kapitel_12,Cicero,0.0
kapitel_12,Cicero,0.0
kapitel_12,Cicero,1.0
kapitel_12,Cicero,-0.5
kapitel_12,Cicero,0.0
kapitel_12,Cicero,-0.5
kapitel_12,Cicero,-0.5
kapitel_12,Cicero,-1.0
kapitel_12,Cicero,0.5
kapitel_12,Cicero,0.5
kapitel_12,Cicero,-0.5
kapitel_12,Cicero,0.5
kapitel_12,Cicero,-0.5
kapitel_12,Cicero,-1.0
kapitel_12,Cicero,-0.5
kapitel_12,Cicero,0.5
kapitel_12,Cicero,0.0
kapitel_12,Cicero,1.0
kapitel_12,Cicero,-0.5
kapitel_12,Cicero,-1.0
kapitel_12,Cicero,-1.0
kapitel_12,Cicero,-0.5
kapitel_12,Cicero,0.5
kapitel_12,Cicero,-0.5
kapitel_12,Cicero,0.0
kapitel_12,Cicero,1.0
kapitel_12,Cicero,0.5
kapitel_12,Cicero,0.5
kapitel_12,Cicero,0.5
kapitel_12,Cicero,1.0
kapitel_12,Cicero,-0.5
kapitel_12,Cicero,-0.5
kapitel_13,Caesar,0.5
kapitel_13,Caesar,-0.5
kapitel_13,Caesar,0.0
kapitel_13,Caesar,0.0
kapitel_13,Caesar,-0.5
kapitel_13,Caesar,-0.5
kapitel_13,Caesar,0.0
kapitel_13,Caesar,-1.0
kapitel_13,Caesar,0.5
kapitel_13,Caesar,0.0
kapitel_13,Caesar,-1.0
kapitel_13,Caesar,0.0
kapitel_13,Caesar,0.0
kapitel_13,Caesar,0.5
kapitel_13,Caesar,-1.0
kapitel_13,Caesar,-1.0
kapitel_13,Caesar,0.5
kapitel_13,Caesar,0.0
kapitel_13,Caesar,0.0
kapitel_13,Caesar,0.0
kapitel_13,Caesar,0.5
kapitel_13,Caesar,0.5
kapitel_13,Caesar,0.5
kapitel_13,Caesar,0.5
kapitel_13,Caesar,0.0
kapitel_13,Caesar,0.5
kapitel_13,Caesar,0.0
kapitel_13,Caesar,0.5
kapitel_13,Caesar,0.5
kapitel_13,Caesar,0.0
kapitel_13,Caesar,0.0
kapitel_13,Caesar,0.0
kapitel_13,Caesar,0.5
kapitel_13,Caesar,-1.0
kapitel_13,Caesar,0.0
kapitel_13,Caesar,0.0
kapitel_13,Caesar,0.0
kapitel_13,Caesar,0.5
kapitel_13,Caesar,0.5
kapitel_13,Caesar,-0.5
kapitel_13,Caesar,-0.5
kapitel_13,Caesar,0.5
kapitel_13,Caesar,0.0
kapitel_13,Caesar,0.0
kapitel_13,Caesar,0.0
kapitel_13,Caesar,0.5
kapitel_13,Caesar,0.5
kapitel_13,Caesar,-1.0
kapitel_13,Caesar,-1.0
kapitel_13,Caesar,0.0
kapitel_13,Caesar,0.0
kapitel_13,Caesar,-0.5
kapitel_13,Caesar,-0.5
kapitel_13,Caesar,0.0
kapitel_13,Caesar,0.0
kapitel_13,Caesar,0.5
kapitel_13,Caesar,-0.5
kapitel_13,Caesar,0.5
kapitel_13,Caesar,-1.0
kapitel_13,Caesar,-1.0
kapitel_13,Caesar,-1.0
kapitel_13,Caesar,-1.0
kapitel_13,Caesar,-1.0
kapitel_13,Caesar,-1.0
kapitel_13,Caesar,-1.0
kapitel_13,Caesar,-0.5
kapitel_13,Caesar,0.0
kapitel_13,Caesar,-0.5
kapitel_13,Caesar,0.0
kapitel_13,Caesar,-0.5
kapitel_13,Caesar,0.0
kapitel_13,Caesar,-0.5
kapitel_13,Caesar,-0.5
kapitel_13,Caesar,0.5
kapitel_13,Caesar,-1.0
kapitel_13,Caesar,-0.5
kapitel_13,Caesar,-1.0
kapitel_13,Caesar,0.5
kapitel_13,Caesar,0.5
kapitel_13,Caesar,0.0
kapitel_13,Caesar,-1.0
kapitel_13,Caesar,-1.0
kapitel_13,Caesar,-1.0
kapitel_13,Caesar,0.0
kapitel_13,Caesar,0.0
kapitel_13,Caesar,0.0
kapitel_13,Caesar,0.0
kapitel_13,Caesar,0.0
kapitel_13,Caesar,0.0
kapitel_13,Caesar,-0.5
kapitel_13,Caesar,0.5
kapitel_13,Caesar,-1.0
kapitel_13,Caesar,-0.5
kapitel_13,Caesar,-0.5
kapitel_13,Caesar,0.0
kapitel_13,Sertorius,0.0
kapitel_13,Pompeius,-0.5
kapitel_13,Pompeius,-1.0
kapitel_13,Pompeius,0.5
kapitel_13,Pompeius,0.0
kapitel_13,Pompeius,-1.0
kapitel_13,Pompeius,0.0
kapitel_13,Pompeius,0.0
kapitel_13,Pompeius,0.5
kapitel_13,Pompeius,0.5
kapitel_13,Pompeius,0.0
kapitel_13,Pompeius,0.0
kapitel_13,Pompeius,0.0
kapitel_13,Pompeius,-1.0
kapitel_13,Pompeius,-0.5
kapitel_13,Pompeius,-0.5
kapitel_13,Pompeius,-0.5
kapitel_13,Pompeius,0.0
kapitel_13,Pompeius,0.0
kapitel_13,Pompeius,0.0
kapitel_13,Pompeius,0.0
kapitel_13,Pompeius,-0.5
kapitel_13,Pompeius,0.5
kapitel_13,Pompeius,0.0
kapitel_13,Pompeius,0.0
kapitel_13,Pompeius,0.0
kapitel_13,Pompeius,-0.5
kapitel_13,Pompeius,0.0
kapitel_13,Crassus,0.5
kapitel_13,Crassus,0.5
kapitel_13,Crassus,0.0
kapitel_13,Crassus,0.0
kapitel_13,Crassus,-0.5
kapitel_13,Crassus,0.0
kapitel_13,Crassus,0.5
kapitel_13,Cato,-0.5
kapitel_13,Cato,0.0
kapitel_13,Cato,0.0
kapitel_13,Cato,0.0
kapitel_13,Cicero,-0.5
kapitel_13,Cicero,-1.0
kapitel_13,Cicero,-1.0
kapitel_13,Cicero,-1.0
kapitel_13,Cicero,-0.5
kapitel_13,Cicero,0.0
kapitel_13,Cicero,0.5
kapitel_13,Cicero,-0.5
kapitel_13,Cicero,0.0
kapitel_13,Cicero,0.0
kapitel_13,Cicero,0.0
kapitel_13,Cicero,-1.0
kapitel_13,Cicero,0.0
kapitel_13,Cicero,-1.0
kapitel_13,Cicero,-0.5
kapitel_13,Cicero,0.0
kapitel_13,Cicero,0.5
kapitel_13,Cicero,0.5
kapitel_13,Cicero,0.0
kapitel_13,Cicero,-0.5
kapitel_13,Cicero,0.0
kapitel_13,Cicero,0.0
kapitel_13,Cicero,-1.0
kapitel_13,Cicero,-1.0
kapitel_13,Cicero,0.0
kapitel_13,Cicero,-1.0
kapitel_13,Cicero,0.0
kapitel_13,Cicero,-0.5
kapitel_13,Cicero,-0.5
kapitel_13,Cicero,1.0
